mode,mean,count,std,min,max
baseline,774.28595,10,28.190473661554133,733.6354,826.2189
gaze,600.43089,10,47.78507450929399,551.2581,722.0456
